payload_ratio,payload_regime,alpha_star_phase,auc,psnr,ber,mean_shift_l2,fisher_separation,js_lsb_mean,tradeoff_score_legacy,tradeoff_score_payload_aware,tradeoff_score_constrained
0.01,low,0.0,0.5991735537190083,71.45260452144824,0.0,0.002906068452369623,0.040308344823794265,0.00038855212359880775,0.0538316316843174,0.0538316316843174,1.0538316316843175
0.03,low,1.0,0.5909090909090908,66.30429750204239,0.0,0.002933344431554822,0.04212963947878016,0.0034789522274092516,0.1278975962103327,0.10646902478176126,1.1064690247817612
0.05,medium,0.0,0.640495867768595,64.20581774215356,0.0,0.003885648087426388,0.059359956436904,0.0003934466949997986,0.22360861708476287,0.18075147422762,0.18075147422762
0.1,medium,0.5,0.6446280991735537,61.147469964923246,0.0,0.005399022029907487,0.10913099533752021,0.0015487972907942838,0.334644043321213,0.23821547189264158,0.23821547189264158
0.15,high,0.5,0.7892561983471074,59.39541510702914,0.0,0.008190753118238728,0.24218264378467896,0.0,0.6371774350009096,0.4871774350009096,0.4871774350009096
