payload_ratio,payload_regime,alpha_star_realistic,auc,psnr,ber,mean_shift_l2,fisher_separation,js_lsb_mean,tradeoff_score_legacy,tradeoff_score_payload_aware,tradeoff_score_constrained
0.05,medium,0.0,0.640495867768595,64.20581774215356,0.0,0.003885648087426388,0.059359956436904,0.0003934466949997986,0.22360861708476287,0.18075147422762,0.18075147422762
0.1,medium,0.5,0.6446280991735537,61.147469964923246,0.0,0.005399022029907487,0.10913099533752021,0.0015487972907942838,0.334644043321213,0.23821547189264158,0.23821547189264158
0.15,high,0.5,0.7892561983471074,59.39541510702914,0.0,0.008190753118238728,0.24218264378467896,0.0,0.6371774350009096,0.4871774350009096,0.4871774350009096
