alpha,model,payload_ratio,accuracy,auc
0.5,logreg,0.01,0.5909090909090909,0.7272727272727273
0.5,rf,0.01,0.5909090909090909,0.7355371900826446
